"Clase","Color","BoilGravity","IBU","ABV"
"IPA",6.71,37,52.38,6.69
"PALE",6.48,20,31.6,4.82
"PALE",4.28,28,40.87,5.13
"PALE",7.64,31,33.67,5.49
"STOUT",35.24,30,27.85,6.51
"PALE",9.75,27,41.59,5.33
"PORTER",27.78,33,35.78,5.97
"STOUT",40,30,30.55,5.15
"PALE",7.02,29,52.82,6.44
"PALE",9.17,27,40.68,5.77
"IPA",9.76,35,68.35,6.02
"STOUT",40,71,53.24,5.2
"IPA",5.1,29,66.96,5.55
"PALE",7.8,18,24.98,3.75
"IPA",16.75,37,94.55,6.85
"IPA",9.73,27,68.93,6.92
"IPA",10.85,42,22.73,8.2
"IPA",5.19,54,28.66,7.68
"PALE",6.4,18,25.68,4.26
"IPA",8.89,37,93.63,5.32
"PALE",6.58,29,39.26,5.26
"IPA",7.79,35,89.06,7.05
"PALE",8.96,48,72.5,4.14
"STOUT",37.75,34,41.55,6.81
"PALE",8.41,20,35.39,4.39
"PALE",6.58,29,39.26,5.3
"ALE",3.14,15,19.21,5.33
"PALE",4.26,33,40.06,5.73
"IPA",6.79,37,20.43,4.72
"PALE",5.77,29,35.99,4.69
"STOUT",40,41,38.02,7.47
"ALE",5.84,34,29.16,5.77
"STOUT",26.67,59,45.97,10.38
"IPA",8.83,37,30.14,5.38
"ALE",4.19,18,14.03,4.27
"IPA",7.03,30,56.4,5.99
"STOUT",34.76,37,27.76,6.84
"PALE",5.53,29,46.33,5.53
"ALE",2.69,26,22.56,5.13
"PALE",6.8,28,32.28,5.61
"IPA",11.09,40,58.16,6.68
"IPA",7.07,26,39.74,5.09
"ALE",4.565,24,41.27,4.91
"IPA",6.18,37,96.19,7.9
"IPA",4.03,43,82.47,6.49
"ALE",4.565,25,21.4,5.99
"STOUT",38.56,60,54.45,8.95
"ALE",5,20,12.22,4.91
"STOUT",22.52,38,24.37,3.65
"IPA",9.95,48,95.87,8.51
"PALE",6.99,30,37.65,5.73
"IPA",5.63,37,57.67,6.51
"IPA",12.59,23,52.05,6.37
"IPA",14.34,39,88.15,7.75
"PALE",6.68,29,27.26,7.1
"STOUT",38.56,56,42.16,9.66
"PALE",6.26,26,48.03,5.7
"IPA",8.1,38,55.35,6.81
"PALE",5.85,21,42.13,5.28
"STOUT",42.11,45,46.09,6.58
"STOUT",39.82,24,39.75,6.31
"IPA",8,58,62.09,6.71
"IPA",12.47,25,133.07,5.11
"IPA",7.79,23,75.94,7.16
"IPA",18.51,47,97.96,8.42
"IPA",6.02,67,72.06,7.05
"IPA",7.02,52,67.82,8.65
"PORTER",49.81,45,0,7.81
"PORTER",33.45,65,32.6,5.29
"PALE",4.47,29,7.99,5.3
"IPA",6.42,32,52.76,5.87
"IPA",7.69,39,40.09,5.68
"IPA",6.21,36,102.9,8.05
"STOUT",35.09,37,37.51,6.09
"PALE",3.72,18,67.73,4.74
"PALE",7.27,24,29.88,5.8
"ALE",4.565,53,20.745,4.91
"IPA",6.13,39,47.95,6.94
"PALE",5.41,29,39.72,5.26
"PORTER",47.34,51,56.26,7.53
"IPA",8.79,40,91.84,5.5
"IPA",14.31,44,56.27,6.92
"PALE",5.1,32,39.26,6.26
"STOUT",41.87,43,35.81,7.07
"IPA",6.54,56,75.08,7.57
"IPA",4.39,17,59.36,6.43
"IPA",7.24,36,60.96,7.14
"PALE",8.97,29,54.13,5.27
"STOUT",30.41,37,38.02,9.93
"IPA",10.3,11,63.6,7.41
"IPA",8.49,30,61.51,9
"PORTER",33.37,22,55.11,5.84
"PALE",4.79,28,40.55,4.98
"IPA",5.85,42,67.76,7.64
"PALE",9.62,37,72.29,5.7
"PORTER",38.33,29,32.38,5.88
"PALE",8.86,28,45.29,5.53
"IPA",13.7,55,114.63,8.64
"IPA",6.61,44,58.27,6.99
"ALE",4.14,24,16.61,5.37
"IPA",6.53,25,50.68,5.08
"IPA",6.85,64,66.55,5.64
"IPA",6.52,66,67.77,6.67
"IPA",9.06,35,65.25,6.71
"STOUT",36.77,38,32.7,5.76
"IPA",7.34,31,56.8,6.3
"ALE",5.98,37,21.8,5.6
"IPA",8.07,38,75.52,7.04
"IPA",8.22,37,91.39,6.7
"STOUT",37.95,25,43.07,6.35
"PORTER",31.85,33,26.55,5.86
"IPA",5.55,38,57.89,6.29
"IPA",6.51,42,65.63,6.87
"IPA",7.78,30,62.14,6.88
"IPA",5.1,44,115.29,6.35
"STOUT",30.38,19,40.68,4.34
"IPA",4.97,33,59.25,5.7
"PALE",10.64,30,52.3,5
"IPA",8.54,37,67.77,8.78
"STOUT",50,21,29.68,5.14
"IPA",7.59,45,74.68,6.52
"ALE",4.565,55,20.745,4.91
"IPA",10.39,19,73.34,5.36
"STOUT",45.65,32,38.09,5.05
"IPA",5.95,38,65.35,7.39
"PALE",7.49,29,34.96,5.61
"STOUT",40,35,32.32,6.46
"ALE",4.73,35,22.06,5.75
"ALE",4.68,24,25.48,4.6
"PALE",7.54,27,69.11,6.36
"IPA",5.37,13,67.77,4.97
"IPA",10.54,38,58.78,7.01
"IPA",11.92,37,43.41,6.86
"PALE",8.84,29,28.34,4.44
"IPA",7.79,41,97.38,8.95
"IPA",8.76,27,42.1,6.07
"ALE",5.23,34,41.99,6.01
"PORTER",24.86,33,45.17,5.15
"IPA",7.79,44,67.77,8.28
"STOUT",31.4,29,51.83,5.26
"ALE",4.62,56,3.63,5.28
"PORTER",29.59,29,27.44,7.02
"IPA",12.89,47,73.01,7.16
"IPA",18.66,53,76.87,4.93
"STOUT",35.49,31,51.94,5.4
"IPA",5.86,36,117.85,5.04
"ALE",7.63,32,17.9,5.29
"IPA",6.83,33,76.15,6.55
"IPA",10.17,40,67.93,5.48
"STOUT",46.57,52,44.04,5.28
"IPA",7.79,51,73.19,8.26
"IPA",4.31,37,87.45,7.2
"ALE",5.14,25,23.75,4.77
"STOUT",38.56,40,15.65,5.63
"IPA",7.79,37,68.36,7.03
"PALE",3.13,29,24.23,4.61
"PALE",7.39,30,42.53,5.42
"STOUT",45.49,12,56.61,4.63
"IPA",6.3,40,95.39,6.59
"IPA",7.69,21,44.48,5.16
"IPA",10.78,44,56.57,6.25
"IPA",11.16,51,88.94,8.18
"IPA",7.79,40,91.73,6.85
"PORTER",27.27,26,32.33,5.16
"PALE",9.99,21,61.01,5.25
"IPA",10.82,35,51.83,6.3
"IPA",13.38,38,88.68,7.27
"IPA",8.05,28,68.26,5.8
"IPA",11.99,53,63.62,6.48
"PALE",6.1,21,48.88,4.81
"IPA",6.33,35,67.77,7.23
"IPA",3.86,37,57.92,4.06
"STOUT",31.34,22,38.02,4.11
"PORTER",39.46,46,38.98,4.18
"IPA",7.59,37,25.44,5.71
"PALE",3.7,42,11.95,6.5
"PALE",3.45,29,24.62,4.3
"IPA",10.88,43,49.01,6.51
"IPA",7.03,39,76.51,6.74
"IPA",4.91,46,61.47,6.8
"IPA",11.18,13,68.78,6.13
"PALE",8.11,9,39.26,4.62
"IPA",5.56,40,76.39,7.44
"IPA",9,37,42.93,7.58
"STOUT",32.15,34,38.02,6.22
"PALE",10.04,27,38.54,5.18
"PALE",6.51,24,29.38,6.08
"IPA",7.16,40,47.9,7.05
"STOUT",37.59,25,35.95,5.24
"PALE",5.18,29,42.95,5.09
"IPA",9.69,44,68.9,6.65
"PALE",2.89,18,26.44,3.59
"IPA",6.23,26,55.49,6.61
"PALE",5.45,23,36.4,5.23
"IPA",6.41,37,66.88,6.78
"STOUT",40.22,50,67.48,9.3
"IPA",11.73,28,48.31,5.6
"PALE",4.4,19,22.02,5.01
"PORTER",28.3,22,30.94,6.04
"IPA",13.66,47,61.1,8.49
"IPA",10.32,38,70.65,7.07
"IPA",4.86,50,77.26,8.92
"IPA",5.12,33,0,5.95
"IPA",5.9,38,59.67,6.81
"PALE",6.45,30,30.4,5.97
"IPA",10.85,31,65.55,6.43
"IPA",5.65,36,86.09,8.26
"IPA",6.87,56,57.7,9.23
"IPA",8.29,31,67.77,6.86
"PALE",4.3,29,39.62,5.72
"IPA",4.62,35,67.77,8.9
"STOUT",50,37,83.29,9.95
"IPA",7.79,33,45.16,6.54
"IPA",7.52,40,73.89,8.63
"IPA",5.63,34,138.21,6.38
"IPA",5.76,44,137.04,6.8
"IPA",7.35,36,76.67,7.03
"PALE",7.42,42,61.69,5.65
"PORTER",29.73,22,32.51,5.62
"PALE",7.2,27,48.23,5.22
"ALE",4.56,12,20.745,4
"PALE",5.73,34,41.82,5.68
"IPA",7.05,27,12.84,7.06
"IPA",6.12,43,69.08,6.9
"PORTER",34.2,33,50.02,6.54
"IPA",7.62,42,77.95,7.31
"PORTER",32.92,27,20.81,4.8
"IPA",11.41,37,52.81,6.71
"IPA",11.85,37,64.02,6.11
"IPA",6.85,33,22.84,6.32
"PALE",9.65,29,65.74,4.72
"IPA",10.31,37,129.61,5.97
"PALE",6.61,29,40.76,5.98
"IPA",5.42,40,72.36,7.06
"STOUT",34.98,72,67.66,6
"PALE",4.4,24,53.64,4.51
"IPA",9.22,44,113.39,6.11
"PALE",3.88,28,36.86,5.08
"ALE",3.11,29,18,5.46
"PALE",5.56,17,15.33,4.09
"IPA",5.71,29,51.04,6.39
"STOUT",39.1,23,19,4.11
"IPA",6.79,49,67.77,7.3
"PORTER",25.76,32,26.3,6.27
"IPA",7.72,26,59.81,5.8
"ALE",2.65,55,9.6,4.4
"PALE",5.07,30,41.41,5.38
"IPA",6.11,36,95.06,6.23
"IPA",4.9,32,35.44,5.72
"IPA",14.87,41,70.8,7.76
"IPA",7.58,47,53.89,8.4
"IPA",15.66,66,110.19,6.41
"PALE",5.07,26,39.7,4.95
"IPA",6.87,38,65.66,6.85
"IPA",16.35,36,79.03,6.2
"PORTER",29.72,19,32.51,4.42
"IPA",13.44,43,81.26,7.45
"ALE",5.69,30,20.745,5.62
"IPA",8.27,37,68.47,4.54
"PALE",9.82,29,70.5,5.57
"PALE",7.58,29,40.54,5.86
"PALE",4.06,24,37.65,5.38
"IPA",12.09,13,42.87,5.13
"IPA",5.64,32,42.36,6.51
"IPA",8.61,30,71.71,6.74
"PALE",6.58,31,24.78,6.02
"IPA",7.79,25,48.79,4.85
"PALE",8.95,29,61.86,7.12
"IPA",5.88,47,45.22,8.04
"IPA",12.57,44,52.43,6.83
"IPA",8.48,26,41.86,6.11
"STOUT",40,31,72.94,5.69
"IPA",6.99,36,67.77,7.41
"PALE",7.55,29,46.67,5.3
"ALE",4.25,25,18.01,4.91
"IPA",8.63,33,103.85,7.38
"STOUT",37.61,17,49.26,4.35
"STOUT",40.07,38,38.02,7.02
"STOUT",37.43,37,46.03,7.34
"PALE",5.67,37,44.57,5.48
"IPA",14.57,21,60.28,7.57
"IPA",7.79,26,71.91,6
"STOUT",40,20,30.99,4.68
"ALE",2.69,18,13.3,4.97
"PALE",8.39,16,39.61,4.27
"STOUT",50,69,74.14,6
"STOUT",40,60,35.16,7.6
"ALE",3.8,19,23.4,4.21
"IPA",6.63,31,113.84,6.31
"IPA",6.71,36,67.77,8.28
"IPA",3.91,39,98.37,6.5
"ALE",4.41,17,24.62,5.22
"IPA",7.35,36,0,6.7
"IPA",8.98,30,49.3,5.83
"PALE",6.67,35,47.35,5.82
"STOUT",37.22,78,74.55,10.28
"PALE",9.53,32,57.19,4.79
"IPA",10.03,26,56.44,6.37
"PALE",3.54,19,35.14,5.86
"ALE",4.73,16,20.47,4.64
"STOUT",37.94,32,28.03,4.82
"PALE",9.32,29,19.23,5.59
"IPA",5.1,39,34.19,5.63
"PALE",6.17,24,23.76,6.01
"PALE",5.56,24,50.08,5.28
"STOUT",39.05,27,32.06,5.65
"IPA",6.96,51,84.09,5.99
"IPA",14.82,39,63.16,6.15
"PALE",6.36,24,46.79,5.42
"PORTER",27.26,43,24.11,7.38
"ALE",3.43,20,14.17,4.65
"PALE",7.67,20,44.22,5.06
"IPA",11.5,34,49.16,6.14
"ALE",3.5,35,28.48,5.15
"IPA",14.27,44,67.56,7.76
"STOUT",50,37,45.9,6.07
"STOUT",50,28,34.39,5.52
"PALE",8.04,37,42.59,5.27
"PALE",5.78,33,22.8,5.15
"IPA",10.19,61,60.07,7.96
"IPA",5.6,38,71.78,6.27
"STOUT",45.93,37,25.88,7.02
"IPA",8.44,35,57.87,7.21
"IPA",7.28,35,99.41,7.11
"ALE",6.68,25,37.03,5.98
"ALE",3.99,19,23.12,4.65
"IPA",7.79,69,74.7,5.57
"PALE",6.63,31,34.3,5.38
"IPA",7.51,36,85.58,6.64
"PALE",5.17,18,30.07,4.52
"PORTER",38.28,65,33.56,5.94
"IPA",10.68,33,65.94,6.51
"PORTER",43.06,33,28.02,5.88
"PALE",2.63,22,23.08,4.77
"IPA",9.95,42,122.74,6.67
"PALE",10.26,41,30.14,7.07
"IPA",7.79,33,60.81,6.6
"IPA",15.73,35,54.64,6.07
"STOUT",30.77,48,33.61,7.66
"IPA",10.87,47,67.77,8.48
"PORTER",33.08,41,29.66,6.56
"PORTER",34.49,28,19.63,5.64
"PALE",5.05,33,53.63,5
"IPA",6.96,37,67.84,6.99
"PALE",5.14,32,37.95,5.93
"IPA",6.23,40,67.77,6.85
"PORTER",37.65,23,35.56,5.5
"PORTER",27.78,39,21.15,6.36
"PALE",4.61,29,61.42,4.99
"STOUT",32.7,20,32.21,4.73
"ALE",3.73,19,21.02,4.22
"IPA",4.12,32,40.14,6.31
"IPA",6.9,69,79.45,6.49
"IPA",5.2,41,92.37,7.71
"IPA",7.38,51,120.77,6.67
"ALE",9,22,15.99,5.52
"IPA",7.93,40,40.63,6.41
"IPA",11.84,37,137.53,8.29
"IPA",7.83,27,62.47,6.23
"PORTER",20.66,25,13.12,5.12
"IPA",7.79,37,84.43,6.87
"STOUT",38.11,29,28.45,5.07
"IPA",10.03,33,57.32,6.24
"PALE",4.64,35,74.75,5.3
"PALE",8.03,31,38.7,5.85
"PALE",11.36,29,55.83,5.15
"IPA",12.02,38,50.56,7.23
"STOUT",35.25,51,36.43,5.17
"IPA",8.23,43,126.63,8.1
"IPA",4.36,35,78.8,6.42
"ALE",4.88,24,28.92,4.74
"IPA",5.1,49,135.69,8.44
"STOUT",37.18,40,40.12,4.42
"PALE",6.67,31,50.8,6.81
"PALE",4.28,29,11.29,5.76
"PALE",7,26,46,5.77
"IPA",9.72,51,67.77,8.19
"ALE",3.88,27,15.56,5.17
"STOUT",36.71,24,38.47,4.62
"IPA",4.91,36,57.22,6.1
"IPA",5.93,25,73.26,5.51
"ALE",4.54,27,16.72,4.36
"IPA",5.66,49,56.99,8.21
"IPA",12.38,40,64.45,7.54
"PALE",4.96,42,15.1,5.81
"PALE",5.07,50,58.61,4.99
"PALE",6.19,19,33.7,4.71
"IPA",10.41,52,0,6.67
"IPA",4.38,17,47.61,5.17
"IPA",6.51,46,71.36,6.96
"IPA",10.81,54,129.32,7.76
"IPA",8.86,36,64.84,7.22
"STOUT",50,32,33.59,5.52
"IPA",7.79,47,97.26,7.62
"IPA",3.57,31,57.24,6.48
"IPA",6.74,34,67.79,6.52
"ALE",5.18,18,17.41,4.5
"IPA",7,30,76.86,6.05
"PALE",6.42,29,39.26,4.9
"ALE",2.53,18,16.56,5.06
"PALE",8.84,30,40.65,5.81
"IPA",7.79,31,65.68,6.99
"PALE",6.32,49,35.55,5.93
"PORTER",41.16,25,29.67,5.55
"IPA",9.59,37,73.38,6.79
"PALE",3.41,24,50.43,4.93
"PALE",4.08,29,68.09,5.77
"IPA",8.15,37,86.63,6.77
"IPA",7.79,38,127.09,7.8
"PALE",10.7,33,68.53,6.31
"IPA",4.64,16,45.62,3.97
"STOUT",36.63,33,29.29,4.91
"IPA",11.15,44,67.77,7.91
"PORTER",31.76,38,32.48,5.81
"PALE",8.45,31,44.84,6.12
"IPA",6.58,30,79.58,5.66
"IPA",7.79,23,48.8,4.73
"IPA",3.62,27,20.56,5.67
"IPA",8.2,55,100.93,9.14
"PALE",6.43,31,48.8,5.57
"PORTER",31.1,34,38.78,6.43
"ALE",5.95,24,17.98,4.62
"PALE",5.97,25,34.59,4.9
"PALE",8.31,23,42.5,5.92
"IPA",5.48,33,64.42,7.88
"IPA",10.59,27,84.26,5.64
"IPA",8.87,37,79.35,6.54
"PORTER",35.05,37,59.64,7.22
"STOUT",43.69,46,0,6.35
"STOUT",39.92,40,38.96,6.57
"STOUT",50,41,30.15,7.57
"STOUT",50,51,0,7.32
"IPA",7,51,70.48,8.66
"PALE",12.12,40,38.42,5.69
"PALE",9.27,31,36.85,5.12
"STOUT",31.44,24,22.62,4.69
"IPA",4.21,36,69.02,5.92
"IPA",6.07,52,68.29,8.28
"PORTER",49.83,30,50.36,5.76
"IPA",7.16,36,36.23,7.43
"PALE",6.38,26,50.95,5.51
"PALE",8.96,28,21.15,5.21
"STOUT",27.99,33,33.66,5.49
"IPA",4.23,39,86.16,5.81
"PORTER",26.38,20,33.91,4.63
"IPA",12.15,44,104.18,8.08
"PALE",5.84,29,42.16,5.17
"PORTER",20.93,30,23.08,5.54
"STOUT",34.63,90,29.95,5.3
"IPA",6.07,35,67.77,6.86
"IPA",4.23,37,52.45,6.9
"PALE",3.84,21,39.39,5.45
"PALE",9.15,28,48.74,5.95
"IPA",6.92,42,66.7,6.98
"PALE",6.24,26,43.77,5.66
"PORTER",24.38,35,26.07,4.67
"PALE",9.35,27,41.43,5.04
"STOUT",30.11,17,31.48,3.4
"IPA",14.53,37,129.28,6.67
"PALE",6.45,32,30.4,5.24
"PALE",5.67,33,73.15,6.87
"PALE",5.57,33,54.56,5.44
"IPA",5.69,39,50.97,7.42
"STOUT",38.79,58,55.12,8.44
"PALE",5.99,29,40.62,5.5
"IPA",7.79,54,89.67,7.62
"STOUT",22.71,45,38.02,5.94
"IPA",8.85,27,134.68,5.57
"PORTER",42.71,59,38.99,8.03
"IPA",3.66,42,70.21,6.9
"IPA",6.54,26,54.68,6.13
"PALE",5.59,24,37.37,4.95
"IPA",18.33,46,73.9,7.4
"IPA",6.44,32,59.59,8.38
"IPA",7.05,28,50.13,5.32
"ALE",6.42,26,23.93,5.74
"PALE",7.74,21,37.05,4.75
"PALE",10.44,29,43.54,6.41
"PALE",5.39,25,32.26,4.98
"IPA",12.1,45,138.11,6.39
"STOUT",35.95,20,20.4,4.8
"IPA",7.47,24,64.8,6.09
"IPA",4.42,33,85.5,7.02
"PALE",10.83,13,37.46,5.3
"IPA",14.38,33,117.75,5.74
"IPA",8.18,37,113.21,6.83
"STOUT",38.56,85,63.46,6.57
"IPA",7.79,42,51.43,6.95
"PALE",3.99,29,21.92,6.27
"IPA",5.15,31,144.53,5.92
"STOUT",35.08,46,48.08,4.48
"STOUT",39.25,20,32.32,5.7
"IPA",13.85,34,53.99,6.26
"IPA",7.8,34,64.42,6.69
"IPA",5.48,41,63.27,6.86
"IPA",4.71,45,67.77,8.29
"IPA",10.98,56,98.76,7.26
"IPA",15.06,38,67.77,7.09
"IPA",6.02,23,59.04,5.41
"IPA",6.37,43,126.29,7.26
"PALE",6.5,27,47.43,5.23
"IPA",11.13,37,50.53,6.48
"IPA",9.82,69,44,5.93
"PALE",7.11,35,31.74,5.63
"IPA",3.59,34,59.29,5.96
"STOUT",49.51,32,46.13,5.8
"IPA",7.88,37,76.87,6.67
"IPA",9.33,37,97.98,6.41
"PALE",5.94,19,31.58,5.03
"IPA",3.87,65,87.79,4.56
"PALE",7.42,18,26.65,4.47
"PALE",4.49,35,40.66,5.94
"IPA",4.6,38,80.12,7.65
"ALE",4.57,25,19.7,5.2
"PALE",6.54,27,32.54,4.5
"STOUT",42.87,56,46.77,6.32
"PORTER",33.06,28,48.81,6.34
"PALE",8.8,31,72.35,5.41
"PALE",9.35,22,35.68,4.6
"ALE",3.39,33,22.86,6.54
"IPA",7.45,61,0,6.65
"ALE",4.51,18,26.09,5.37
"STOUT",49.57,47,32.69,7.94
"PALE",5.63,26,33.84,4.99
"IPA",9.55,33,74.91,6.13
"IPA",8.17,34,112.08,5.84
"IPA",8.8,37,38.99,8.4
"PALE",7.14,29,49.02,5.09
"PALE",10.73,29,21.42,5.91
"IPA",10.33,36,75.8,7.13
"IPA",9.56,28,97.29,5.57
"ALE",3.88,21,17.25,4.76
"ALE",1.99,9,16.83,3.36
"IPA",13.75,48,39.5,6.73
"IPA",5.37,36,85.87,6.55
"STOUT",33.6,62,46.54,5.66
"PALE",7.16,33,48.35,6.15
"IPA",7.79,40,94.59,6.29
"IPA",6.54,33,39.63,6.51
"IPA",4.38,32,114.97,6.47
"PALE",7.17,35,39.26,6.75
"STOUT",28.24,56,32.24,5.65
"STOUT",36.39,18,38.89,5.22
"IPA",5.88,37,31.01,6.67
"PALE",7.01,31,47.89,5.72
"IPA",5.89,53,85.71,8.03
"STOUT",50,48,38.06,7.78
"IPA",8.33,37,64.17,6.16
"IPA",13.37,46,88.81,7.67
"STOUT",50,38,72.97,6
"IPA",5.2,23,17.63,5.06
"PORTER",29.14,33,27.37,4.63
"STOUT",39.44,37,41.27,7.05
"PALE",5.92,20,30.94,4.23
"ALE",7.11,24,23.49,3.77
"PALE",6.86,35,40.18,5.89
"IPA",5.69,37,43.76,6.13
"IPA",8.81,27,76.05,5.98
"IPA",7.19,21,57.46,5.62
"IPA",7.79,37,62.46,6.65
"STOUT",44.91,37,21.22,6
"IPA",9.77,37,100.72,8.09
"PALE",13.55,29,45.67,6.36
"IPA",11.9,40,65.76,7.25
"IPA",4.16,24,64.12,4.88
"IPA",5.94,22,51.1,4.45
"IPA",10.09,39,67.77,7.59
"PALE",6.95,29,68.73,6.11
"IPA",6.31,37,67.77,6.79
"PALE",3.63,29,18.47,4.34
"IPA",7.79,38,62.19,7.66
"PALE",4.51,20,31.93,4.96
"IPA",9.3,12,102.83,6.67
"IPA",10.52,37,139.85,7.04
"IPA",11.29,52,60.14,7.93
"IPA",9.62,34,90.52,6.51
"STOUT",47.85,31,29.61,5.77
"PALE",6.58,20,39.26,4.67
"STOUT",50,27,37.77,5.43
"STOUT",44.66,5,37.58,5.03
"PALE",8.68,36,46.38,6.04
"STOUT",50,36,32.4,6.45
"PALE",6.8,29,34.22,4.57
"STOUT",35.04,33,45.89,6.38
"PALE",6.6,29,40.55,5.46
"IPA",4.7,43,124.61,6.99
"STOUT",37.55,27,37.86,4.84
"PALE",4.19,24,22.14,4.87
"IPA",12.67,37,41.34,5.95
"IPA",7.89,63,80.24,7.07
"IPA",10.31,68,123.06,7.91
"STOUT",37.4,34,30.9,5.44
"PORTER",38.61,45,30.67,7.03
"PALE",6.57,21,27.61,4.31
"IPA",5.66,30,77.86,5.12
"IPA",12.12,64,100.15,6.67
"IPA",6.42,40,114.67,8.01
"PALE",5.17,29,38.48,5.67
"STOUT",37.15,28,42.02,5.3
"PALE",6.58,29,48.82,5.5
"IPA",11.75,37,55.04,6.82
"IPA",6.97,45,52.37,6.54
"IPA",12.88,35,67.77,6.35
"PALE",6.55,31,37.43,6.1
"PALE",6.11,28,48.48,5.89
"IPA",8.37,44,43.4,7.54
"IPA",7.33,37,68.09,6.9
"PALE",6.51,29,27.28,3.5
"STOUT",33.58,51,64.1,8.63
"ALE",4.45,19,21.67,5.25
"IPA",3.87,37,49.77,6.58
"PORTER",34.52,38,55.2,6.07
"PALE",5.09,31,51.13,5.7
"IPA",7.79,44,60.86,7.92
"ALE",5.7,24,20.745,4.94
"IPA",5.26,40,42.84,5.8
"STOUT",35.26,27,34.63,5.07
"STOUT",50,37,57.19,6
"STOUT",37.5,47,37.11,7.5
"IPA",9.75,50,77.83,7.59
"IPA",5.53,28,49.7,5.96
"ALE",3.35,17,17.31,4.25
"IPA",4.24,26,76.86,4.87
"IPA",9.62,37,44.69,5.78
"IPA",5.58,19,51.93,4.78
"PORTER",34.73,36,44.58,5.93
"STOUT",50,26,60.7,6.35
"IPA",6.79,44,100.48,7.68
"PALE",8.66,35,28.8,4.34
"IPA",4.24,34,58.9,6.58
"STOUT",46.84,90,14.06,4.52
"IPA",4.48,51,66.3,5.69
"PALE",2.88,17,33.81,4.2
"IPA",8.9,65,127.7,6.67
"PORTER",22.28,26,28.81,6.37
"IPA",5.15,33,90.68,7.08
"PALE",7.29,7,39.26,5.3
"PALE",10.28,31,43.9,6.39
"ALE",4.565,24,20.745,4.91
"IPA",7.79,34,36.22,5.95
"PALE",4.61,30,21.45,4.61
"PORTER",28.02,23,29.36,5.89
"IPA",5.57,34,59.47,6.42
"IPA",6.11,26,74.92,5.64
"IPA",15.95,33,43,6.34
"IPA",7.64,30,39.24,6.44
"IPA",7.28,31,70.26,7.32
"PALE",6.31,29,45.12,5.16
"PALE",8.95,16,42,4.63
"IPA",5.09,40,84.18,7.48
"IPA",7.7,37,127.19,8.05
"PORTER",41.33,26,0,5.15
"IPA",9.59,37,44.07,6.67
"IPA",7.79,36,81.69,8.07
"ALE",5.51,23,22.32,4.92
"IPA",7.33,35,79.73,7.21
"ALE",4.34,24,13.18,4.45
"ALE",2.68,22,19.91,4.98
"STOUT",42.85,35,33.08,5.46
"STOUT",37.41,26,39.91,6.4
"IPA",10.13,45,98.16,7.14
"ALE",4.23,23,17.31,4.56
"IPA",9.75,28,43.79,5.39
"PALE",8.19,33,33.03,6.43
"IPA",11.23,34,48.27,6.04
"STOUT",31.2,13,38.02,2.39
"IPA",7.19,13,67.77,7.3
"STOUT",43.33,26,36.36,5.1
"IPA",9.77,45,79.58,6.58
"IPA",5.83,22,41.48,5.39
"STOUT",34.96,42,29.47,7
"IPA",6.59,33,28.09,5.69
"IPA",7.79,35,106.1,6.87
"PALE",7.28,14,39.26,4.04
"IPA",10.98,33,87.81,7.23
"IPA",6.61,26,67.77,6.5
"IPA",8.45,38,86.18,7.37
"IPA",9.32,41,87.71,6.73
"PORTER",50,39,47.61,6.1
"PALE",13.15,30,59.94,6.38
"PORTER",27.28,42,27.76,4.85
"PALE",6.13,29,39.22,5.12
"PALE",5.64,35,37.36,6.18
"IPA",7.77,37,107.84,6.81
"PALE",9.89,29,32.97,5.21
"IPA",7.79,48,95.54,6.5
"STOUT",41.64,37,43.79,8.68
"PORTER",33.87,33,59.39,5.59
"IPA",4.61,55,63.8,6.64
"STOUT",32.05,31,38.86,5.08
"IPA",14.67,34,41.73,6.14
"STOUT",40.99,35,21.94,6.89
"IPA",7.53,37,53.97,7.15
"IPA",7.2,39,67.77,6.67
"IPA",12.12,50,110.67,8.28
"IPA",9.47,35,71.35,6.03
"PALE",6.58,31,59.02,5.18
"PORTER",32.33,21,36.59,5.33
"IPA",6.28,34,67.77,6.07
"ALE",6.87,24,20.745,4
"ALE",3.77,19,32.57,4.48
"IPA",7.79,37,30.64,6.67
"IPA",5.25,40,68.74,6.77
"IPA",4.61,37,87.24,6.43
"IPA",7.93,28,66.94,5.5
"IPA",6.9,35,36.57,6.1
"STOUT",36.97,10,0,3.35
"PALE",8.74,29,58.36,4.87
"PALE",6.53,24,47.71,5.28
"STOUT",33.36,64,34.13,5.57
"IPA",7.34,38,51.29,6.88
"IPA",4.4,44,62.15,6.23
"PALE",7.99,29,28.68,7.02
"PALE",5.4,31,38.13,5.2
"PALE",10.19,24,28.01,5.88
"PALE",6.63,24,74.57,4.99
"IPA",5.56,32,0,7
"IPA",4.55,31,45.97,5.58
"IPA",7.37,30,67.66,6.38
"IPA",5.55,36,61.55,6
"PORTER",39.34,34,41.79,6.48
"IPA",8.12,29,80.52,5.85
"IPA",12.49,26,58.49,6.1
"IPA",7.56,45,85.44,7.86
"ALE",2.97,17,12.73,4.71
"IPA",11.56,37,117.04,6.58
"PALE",3.36,23,32.55,4.44
"IPA",5.35,44,70.93,6.26
"PALE",7.72,24,30.06,5.13
"PORTER",26.03,30,21.25,5.97
"PALE",4.91,26,54.89,5.57
"STOUT",32.53,31,33.67,5.4
"IPA",3.81,23,106.81,5.24
"PALE",10.27,28,53.77,5.7
"IPA",7.05,29,71.7,6.63
"PALE",5.16,36,28.7,6.69
"IPA",7.79,21,63.33,6.81
"PALE",8.27,29,36.73,5.28
"IPA",11.29,38,36.14,5.8
"STOUT",33.22,26,0,4.46
"ALE",4.88,24,29.18,4.72
"STOUT",32.13,37,41.35,5.76
"ALE",6.07,8,32.32,4.91
"STOUT",50,66,68.6,9.25
"IPA",12.78,37,81.71,7.08
"PORTER",25.6,27,43.93,6.07
"PALE",6.58,28,51.8,5.25
"STOUT",31.73,47,62.52,7.69
"IPA",9.05,29,51.18,5.83
"IPA",4,33,45.07,5.36
"PALE",3.02,29,25.17,5.4
"IPA",10.55,59,74.17,5.75
"IPA",6.17,33,87.75,6.99
"PALE",2.86,29,7.85,4.33
"STOUT",38.06,17,87.11,4.34
"IPA",6.87,31,60.89,5.52
"ALE",7.7,24,20.745,5.38
"PALE",11.49,24,23.23,5.28
"STOUT",30.2,37,34.57,4.86
"STOUT",50,74,19.23,6
"PALE",6.18,25,41.07,5.83
"ALE",3.39,50,24.67,5.15
"IPA",5.74,34,56.49,7.12
"IPA",7.77,35,67.77,6.24
"STOUT",50,33,38.02,6.74
"STOUT",50,38,89.36,6.91
"IPA",13.34,52,38.49,6.64
"PALE",6.58,30,39,6.59
"IPA",4.16,21,37.27,5.23
"IPA",6.07,41,67.77,7.03
"PALE",5.69,33,42.66,5.62
"STOUT",28.99,47,31.34,7.14
"STOUT",45.43,28,28.71,4.79
"IPA",7.79,33,59.7,6.06
"IPA",4.33,37,134.55,6.67
"IPA",4.32,31,35.28,5.82
"IPA",6.46,37,65.39,7.09
"STOUT",30.42,24,56.02,6.24
"IPA",17.07,51,82.24,6.67
"ALE",5.29,23,17.57,4.86
"IPA",6.47,27,95.52,6.1
"PALE",5.51,35,35.56,6.8
"IPA",7.18,41,122.74,6.8
"IPA",10.67,25,28,5.95
"IPA",5.48,41,66.22,6.98
"PALE",7.02,32,44.29,5.7
"IPA",5.64,37,67,6.32
"STOUT",35.61,44,69.94,7
"IPA",8.35,25,65.78,5.49
"STOUT",39.64,45,30.01,6.73
"IPA",15.08,26,10.69,5.14
"PALE",10.64,24,58.35,6.62
"ALE",3.73,15,21.02,4.23
"STOUT",31.95,1,78.51,8.16
"STOUT",39.83,37,38.39,5.4
"STOUT",35.3,44,36.62,6.99
"ALE",6.81,19,10.45,4.49
"IPA",13.94,37,70.83,7.75
"IPA",6.47,36,64.43,6.2
"IPA",5.65,38,37.51,5.57
"PALE",9.04,23,30.46,5.06
"IPA",8.15,37,60.83,6.76
"IPA",5.6,36,62.17,5.93
"IPA",7.79,46,47.34,6.82
"PORTER",22.94,1,33.71,4.67
"IPA",7.65,33,38.35,6.25
"IPA",6.49,33,76.57,7.07
"PALE",6.16,24,31.33,5.1
"IPA",5.91,29,41.25,6.04
"PALE",4.67,33,30.63,5.3
"ALE",4,29,17.06,5.47
"PALE",3.33,12,22.62,4.82
"STOUT",43.39,58,55.03,8.64
"IPA",5.3,37,89.22,8.78
"STOUT",42.28,22,0,4.84
"IPA",13.23,34,49.93,5.83
"ALE",4.94,15,36.78,4.05
"PALE",6.28,27,33.78,5.5
"PALE",9.04,18,24.07,4.26
"IPA",6.1,22,58.98,4.65
"PALE",9.67,25,31.52,5.26
"ALE",3.23,20,19.81,4.87
"IPA",6.9,31,59.48,6.06
"IPA",5.12,37,11.09,7.78
"PORTER",32.07,25,27.09,5.07
"STOUT",40.39,22,37.77,4.93
"PALE",8.14,32,55.27,6.66
"PALE",4.79,44,6.14,6.81
"IPA",9,27,58.88,5.57
"IPA",17.78,34,79.42,6.58
"PORTER",30.91,36,41.59,5.6
"ALE",5.49,20,15.74,4.59
"IPA",11.1,27,58.96,5.24
"PALE",5.75,15,74.53,4.81
"IPA",7.79,44,74.42,6.89
"IPA",4.49,40,127.01,8.03
"PALE",5.61,41,40.94,4.59
"IPA",11.86,47,0,6.85
"ALE",2.97,22,12.93,4.88
"PALE",7.86,29,37.58,5.31
"IPA",5.61,37,62.29,5.9
"IPA",3.17,37,42.77,4.43
"IPA",9.68,34,74.88,6.78
"IPA",10.81,40,54.67,5.98
"PALE",7.72,41,35.37,5.36
"IPA",8.69,37,83.28,5.88
"PALE",5.1,17,26.18,4.86
"IPA",7.67,32,45.88,6.05
"IPA",8.41,48,92.13,9.08
"IPA",6.03,37,60.26,7.12
"IPA",9.03,31,58.23,6.43
"STOUT",33.58,46,32.26,5.87
"PALE",9.02,22,36.44,5.58
"PALE",5.31,20,47.86,5.15
"ALE",3.86,13,19.47,4.24
"PALE",12.85,25,40.38,5.81
"IPA",9.19,44,89.97,7.06
"IPA",9.44,39,67.07,6.91
"IPA",13.39,38,88.12,8.1
"IPA",11.39,45,62.22,6.95
"PALE",6.46,22,26.64,4.01
"ALE",3.15,23,19.97,4.76
"IPA",5.31,37,40.73,5.91
"STOUT",40,47,56.79,7.11
"IPA",14.37,41,72.84,7.33
"ALE",5.07,8,25.68,4.53
"IPA",13.99,34,65.78,5.84
"IPA",11.37,37,88.47,5.97
"PALE",4.91,41,25.41,5.96
"IPA",10.61,37,55.8,6.89
"ALE",4.55,22,29.25,5.15
"PALE",8.61,17,41.78,4.76
"PALE",11.05,29,22.81,5.38
"IPA",10.64,28,87.23,6.68
"IPA",7.79,39,53.88,7.4
"IPA",3.71,13,67.77,4.22
"IPA",9.52,37,64.95,6.7
"IPA",7.86,32,68.56,6.56
"IPA",8.2,35,62.51,5.64
"IPA",14.47,32,72.76,6.37
"PALE",5.79,17,34.34,5.3
"IPA",8.69,12,32.08,6.67
"IPA",8.2,31,68.08,6.37
"IPA",9.2,26,67.77,6.72
"IPA",3.88,32,65.05,5.23
"PALE",12.01,35,42.46,6.06
"PALE",7.74,14,34.5,5.92
"IPA",7.79,36,50.33,5.65
"PALE",3.8,34,41.12,5.95
"STOUT",38.73,31,59.7,4.88
"IPA",6.47,30,66.36,6.54
"PALE",7.56,28,35.33,4.88
"PALE",9.55,40,66.08,6.5
"IPA",7.47,45,57.71,7.35
"PALE",8.63,28,40.14,5.7
"PALE",6.97,29,28.22,4.68
"PALE",3.99,51,9.74,4.81
"PORTER",40,53,54.09,5.88
"ALE",3.99,16,20.745,4
"PALE",7.57,17,38.23,5.17
"STOUT",41.11,39,29.11,6.3
"IPA",5.8,55,53.36,8.53
"IPA",18.21,50,0,6.67
"IPA",7.41,49,60.12,8.36
"STOUT",50,46,44.94,6
"IPA",4.72,36,81.02,6.83
"IPA",7.77,37,97.56,6.89
"STOUT",41.5,41,81.07,7.91
"PALE",5.09,20,56.85,5.24
"PORTER",28.56,30,30.01,5.49
"ALE",6.22,30,28.46,5.78
"PORTER",35.68,47,35.17,7
"IPA",6.08,37,77.75,5.97
"STOUT",50,37,38.02,6
"STOUT",38.56,9,23.46,5.41
"IPA",7.22,25,51.24,6.41
"PALE",7.09,32,54.44,6.27
"IPA",7.79,32,41.61,6.38
"PORTER",20.17,27,52.31,6.19
"PORTER",37.79,29,57.71,5.4
"IPA",7.86,31,67.37,7.26
"PORTER",32.96,27,35.37,4.73
"PALE",8.26,16,20.2,4.17
"STOUT",50,59,60.33,9.15
"IPA",5.94,34,28.68,5.15
"PALE",5.29,22,38.72,6.45
"STOUT",45.86,23,0,7.03
"IPA",7.33,46,88.82,9.02
"PALE",5.57,15,28.54,5.41
"PALE",5.94,21,35.31,5.24
"PALE",3.9,27,56.49,5.19
"ALE",8.16,14,15.95,4.27
"PALE",4.61,20,38.16,4.89
"IPA",10.9,52,122.06,7.92
"IPA",8.47,20,72.35,4.63
"ALE",3.57,27,20.745,5.46
"IPA",7.74,36,74.17,6.71
"PALE",8.78,26,37.56,5.45
"IPA",10.56,30,60.21,5.33
"IPA",5.17,22,60.37,4.74
"PORTER",42.35,59,36.02,7.99
"PALE",7.17,44,63.91,7.07
"IPA",4.69,41,55.74,5.8
"IPA",12.73,46,45.75,5.52
"IPA",4.4,32,57.08,6.03
"IPA",11.74,43,97.11,8.69
"IPA",7.4,37,104.5,7.17
"PALE",5.85,23,51.69,4.93
"IPA",8.9,37,77.44,7.41
"IPA",9.72,37,101.74,7.82
"IPA",7.92,36,63.69,7.02
"IPA",5.79,36,102.36,6.95
"PALE",6.48,26,36.69,4.19
"IPA",5.97,40,66.02,6.95
"PORTER",26.61,34,32.41,5.69
"PALE",7.65,30,44.79,5.76
"PALE",9.16,33,34.62,4.92
"IPA",12.24,58,76.49,8.85
"PORTER",30.75,33,28.07,5.13
"IPA",5.82,62,59.89,6.67
"PALE",4.46,25,20.31,5.17
"ALE",5,27,19.82,4.82
"PORTER",47.76,35,21.87,6.06
"IPA",6.15,29,59.98,7.19
"PALE",4.76,11,39.26,3.77
"PALE",8.23,29,67.33,6.36
"IPA",5.62,26,28.94,5.49
"IPA",6.04,32,76.42,7.05
"IPA",6.07,49,70.4,6.77
"IPA",3.97,29,0,5.4
"PALE",9.41,22,65.57,5
"IPA",10.82,37,72.43,7.35
"IPA",7.94,41,57.45,8.58
"IPA",10.59,25,40.67,5.46
"IPA",8.95,40,77.65,6.51
"PALE",5.22,29,36.55,5.96
"IPA",9.91,53,96.17,6.67
"PALE",7.46,20,38.95,4.95
"STOUT",45.06,42,24.04,6.6
"STOUT",36.52,30,29.38,4.97
"IPA",15.32,28,56.07,6.34
"PALE",5.33,32,34.11,5.95
"PALE",4.97,30,21.31,4.82
"IPA",13.9,34,92.77,6.28
"IPA",6.11,33,61.35,6.74
"IPA",5.83,37,71.24,6.77
"PORTER",35.92,33,14.73,5.14
"PALE",13.73,26,68.05,5.54
"IPA",8.11,31,53.71,6.38
"PORTER",36.72,30,0,6.03
"PALE",6.58,29,76.44,6.86
"ALE",5.91,37,26.63,5.33
"IPA",9.72,30,40.15,5.99
"PALE",4.38,32,30.38,5.36
"IPA",6.09,35,24.88,6.51
"IPA",13.12,48,67.77,8.31
"IPA",6.5,44,67.77,8.08
"IPA",6.02,33,68.3,7.74
"IPA",17.04,37,77.81,4.54
"PORTER",37.46,39,58.14,6.76
